,datetime,By_or_at_Musk,variable,value
804,2022-06-01 00:00:00+00:00,Mentions @elonmusk,ukraine,0.0
805,2022-06-02 00:00:00+00:00,Mentions @elonmusk,ukraine,0.0
806,2022-06-03 00:00:00+00:00,Mentions @elonmusk,ukraine,0.0
807,2022-06-04 00:00:00+00:00,Mentions @elonmusk,ukraine,0.0
808,2022-06-05 00:00:00+00:00,Mentions @elonmusk,ukraine,0.0
809,2022-06-06 00:00:00+00:00,Mentions @elonmusk,ukraine,0.0
810,2022-06-07 00:00:00+00:00,Mentions @elonmusk,ukraine,0.0
811,2022-06-08 00:00:00+00:00,Mentions @elonmusk,ukraine,0.0
812,2022-06-09 00:00:00+00:00,Mentions @elonmusk,ukraine,0.6103047662642042
813,2022-06-10 00:00:00+00:00,Mentions @elonmusk,ukraine,0.0
814,2022-06-11 00:00:00+00:00,Mentions @elonmusk,ukraine,0.0
815,2022-06-12 00:00:00+00:00,Mentions @elonmusk,ukraine,0.0
816,2022-06-13 00:00:00+00:00,Mentions @elonmusk,ukraine,0.0
817,2022-06-14 00:00:00+00:00,Mentions @elonmusk,ukraine,0.0
818,2022-06-15 00:00:00+00:00,Mentions @elonmusk,ukraine,0.0
819,2022-06-16 00:00:00+00:00,Mentions @elonmusk,ukraine,0.0
820,2022-06-17 00:00:00+00:00,Mentions @elonmusk,ukraine,0.0
821,2022-06-18 00:00:00+00:00,Mentions @elonmusk,ukraine,0.0
822,2022-06-19 00:00:00+00:00,Mentions @elonmusk,ukraine,0.0
823,2022-06-20 00:00:00+00:00,Mentions @elonmusk,ukraine,0.0
824,2022-06-21 00:00:00+00:00,Mentions @elonmusk,ukraine,0.0
825,2022-06-22 00:00:00+00:00,Mentions @elonmusk,ukraine,0.0
826,2022-06-23 00:00:00+00:00,Mentions @elonmusk,ukraine,0.0
827,2022-06-24 00:00:00+00:00,Mentions @elonmusk,ukraine,0.0
828,2022-06-25 00:00:00+00:00,Mentions @elonmusk,ukraine,0.0
829,2022-06-26 00:00:00+00:00,Mentions @elonmusk,ukraine,0.0
830,2022-06-27 00:00:00+00:00,Mentions @elonmusk,ukraine,0.0
831,2022-06-28 00:00:00+00:00,Mentions @elonmusk,ukraine,0.3987010704639872
832,2022-06-29 00:00:00+00:00,Mentions @elonmusk,ukraine,0.0
833,2022-06-30 00:00:00+00:00,Mentions @elonmusk,ukraine,0.0
834,2022-07-01 00:00:00+00:00,Mentions @elonmusk,ukraine,0.0
835,2022-07-02 00:00:00+00:00,Mentions @elonmusk,ukraine,0.0
836,2022-07-03 00:00:00+00:00,Mentions @elonmusk,ukraine,0.0
837,2022-07-04 00:00:00+00:00,Mentions @elonmusk,ukraine,0.0
838,2022-07-05 00:00:00+00:00,Mentions @elonmusk,ukraine,0.0
839,2022-07-06 00:00:00+00:00,By @elonmusk,ukraine,0.0
840,2022-07-06 00:00:00+00:00,Mentions @elonmusk,ukraine,0.0
841,2022-07-07 00:00:00+00:00,By @elonmusk,ukraine,0.0
842,2022-07-07 00:00:00+00:00,Mentions @elonmusk,ukraine,0.0
843,2022-07-08 00:00:00+00:00,By @elonmusk,ukraine,0.0
844,2022-07-08 00:00:00+00:00,Mentions @elonmusk,ukraine,0.0
845,2022-07-09 00:00:00+00:00,Mentions @elonmusk,ukraine,0.0
846,2022-07-10 00:00:00+00:00,Mentions @elonmusk,ukraine,0.0
847,2022-07-11 00:00:00+00:00,By @elonmusk,ukraine,0.0
848,2022-07-11 00:00:00+00:00,Mentions @elonmusk,ukraine,0.3497893487415865
849,2022-07-12 00:00:00+00:00,By @elonmusk,ukraine,0.0
850,2022-07-12 00:00:00+00:00,Mentions @elonmusk,ukraine,0.309564732933285
851,2022-07-13 00:00:00+00:00,By @elonmusk,ukraine,0.0
852,2022-07-13 00:00:00+00:00,Mentions @elonmusk,ukraine,0.0
853,2022-07-14 00:00:00+00:00,By @elonmusk,ukraine,0.0
854,2022-07-14 00:00:00+00:00,Mentions @elonmusk,ukraine,0.0
855,2022-07-15 00:00:00+00:00,By @elonmusk,ukraine,0.0
856,2022-07-15 00:00:00+00:00,Mentions @elonmusk,ukraine,0.0
857,2022-07-16 00:00:00+00:00,By @elonmusk,ukraine,0.0
858,2022-07-16 00:00:00+00:00,Mentions @elonmusk,ukraine,0.0
859,2022-07-17 00:00:00+00:00,Mentions @elonmusk,ukraine,0.0
860,2022-07-18 00:00:00+00:00,By @elonmusk,ukraine,0.0
861,2022-07-18 00:00:00+00:00,Mentions @elonmusk,ukraine,0.0
862,2022-07-19 00:00:00+00:00,By @elonmusk,ukraine,0.0
863,2022-07-19 00:00:00+00:00,Mentions @elonmusk,ukraine,0.0
864,2022-07-20 00:00:00+00:00,By @elonmusk,ukraine,0.0
865,2022-07-20 00:00:00+00:00,Mentions @elonmusk,ukraine,0.0
866,2022-07-21 00:00:00+00:00,By @elonmusk,ukraine,0.0
867,2022-07-21 00:00:00+00:00,Mentions @elonmusk,ukraine,0.0
868,2022-07-22 00:00:00+00:00,By @elonmusk,ukraine,0.0
869,2022-07-22 00:00:00+00:00,Mentions @elonmusk,ukraine,0.0
870,2022-07-23 00:00:00+00:00,By @elonmusk,ukraine,0.0
871,2022-07-23 00:00:00+00:00,Mentions @elonmusk,ukraine,0.0
872,2022-07-24 00:00:00+00:00,By @elonmusk,ukraine,0.0
873,2022-07-24 00:00:00+00:00,Mentions @elonmusk,ukraine,0.0
874,2022-07-25 00:00:00+00:00,By @elonmusk,ukraine,0.0
875,2022-07-25 00:00:00+00:00,Mentions @elonmusk,ukraine,0.0
876,2022-07-26 00:00:00+00:00,By @elonmusk,ukraine,0.0
877,2022-07-26 00:00:00+00:00,Mentions @elonmusk,ukraine,0.0
878,2022-07-27 00:00:00+00:00,By @elonmusk,ukraine,0.0
879,2022-07-27 00:00:00+00:00,Mentions @elonmusk,ukraine,0.0
880,2022-07-28 00:00:00+00:00,By @elonmusk,ukraine,0.0
881,2022-07-28 00:00:00+00:00,Mentions @elonmusk,ukraine,0.0
882,2022-07-29 00:00:00+00:00,By @elonmusk,ukraine,0.0
883,2022-07-29 00:00:00+00:00,Mentions @elonmusk,ukraine,0.0
884,2022-07-30 00:00:00+00:00,By @elonmusk,ukraine,0.0
885,2022-07-30 00:00:00+00:00,Mentions @elonmusk,ukraine,0.0
886,2022-07-31 00:00:00+00:00,By @elonmusk,ukraine,0.0
887,2022-07-31 00:00:00+00:00,Mentions @elonmusk,ukraine,0.0
888,2022-08-01 00:00:00+00:00,By @elonmusk,ukraine,0.0
889,2022-08-01 00:00:00+00:00,Mentions @elonmusk,ukraine,0.0
890,2022-08-02 00:00:00+00:00,By @elonmusk,ukraine,0.0
891,2022-08-02 00:00:00+00:00,Mentions @elonmusk,ukraine,0.0
892,2022-08-03 00:00:00+00:00,Mentions @elonmusk,ukraine,0.0
893,2022-08-04 00:00:00+00:00,By @elonmusk,ukraine,0.0
894,2022-08-04 00:00:00+00:00,Mentions @elonmusk,ukraine,0.0
895,2022-08-05 00:00:00+00:00,By @elonmusk,ukraine,0.0
896,2022-08-05 00:00:00+00:00,Mentions @elonmusk,ukraine,0.0
897,2022-08-06 00:00:00+00:00,By @elonmusk,ukraine,0.0
898,2022-08-06 00:00:00+00:00,Mentions @elonmusk,ukraine,0.0
899,2022-08-07 00:00:00+00:00,By @elonmusk,ukraine,0.0
900,2022-08-07 00:00:00+00:00,Mentions @elonmusk,ukraine,0.0
901,2022-08-08 00:00:00+00:00,By @elonmusk,ukraine,0.0
902,2022-08-08 00:00:00+00:00,Mentions @elonmusk,ukraine,0.0
903,2022-08-09 00:00:00+00:00,By @elonmusk,ukraine,0.0
904,2022-08-09 00:00:00+00:00,Mentions @elonmusk,ukraine,0.0
905,2022-08-10 00:00:00+00:00,By @elonmusk,ukraine,0.0
906,2022-08-10 00:00:00+00:00,Mentions @elonmusk,ukraine,0.0
907,2022-08-11 00:00:00+00:00,By @elonmusk,ukraine,0.0
908,2022-08-11 00:00:00+00:00,Mentions @elonmusk,ukraine,0.0
909,2022-08-12 00:00:00+00:00,By @elonmusk,ukraine,0.0
910,2022-08-12 00:00:00+00:00,Mentions @elonmusk,ukraine,0.0
911,2022-08-13 00:00:00+00:00,By @elonmusk,ukraine,0.0
912,2022-08-13 00:00:00+00:00,Mentions @elonmusk,ukraine,0.0
913,2022-08-14 00:00:00+00:00,By @elonmusk,ukraine,0.0
914,2022-08-14 00:00:00+00:00,Mentions @elonmusk,ukraine,0.0
915,2022-08-15 00:00:00+00:00,By @elonmusk,ukraine,0.0
916,2022-08-15 00:00:00+00:00,Mentions @elonmusk,ukraine,0.0
917,2022-08-16 00:00:00+00:00,By @elonmusk,ukraine,0.0
918,2022-08-16 00:00:00+00:00,Mentions @elonmusk,ukraine,0.0
919,2022-08-17 00:00:00+00:00,By @elonmusk,ukraine,0.0
920,2022-08-17 00:00:00+00:00,Mentions @elonmusk,ukraine,0.0
921,2022-08-18 00:00:00+00:00,By @elonmusk,ukraine,0.0
922,2022-08-18 00:00:00+00:00,Mentions @elonmusk,ukraine,0.0
923,2022-08-19 00:00:00+00:00,By @elonmusk,ukraine,0.0
924,2022-08-19 00:00:00+00:00,Mentions @elonmusk,ukraine,0.0
925,2022-08-20 00:00:00+00:00,By @elonmusk,ukraine,0.0
926,2022-08-20 00:00:00+00:00,Mentions @elonmusk,ukraine,0.0
927,2022-08-21 00:00:00+00:00,By @elonmusk,ukraine,0.0
928,2022-08-21 00:00:00+00:00,Mentions @elonmusk,ukraine,0.0
929,2022-08-22 00:00:00+00:00,By @elonmusk,ukraine,0.0
930,2022-08-22 00:00:00+00:00,Mentions @elonmusk,ukraine,0.0
931,2022-08-23 00:00:00+00:00,By @elonmusk,ukraine,0.0
932,2022-08-23 00:00:00+00:00,Mentions @elonmusk,ukraine,0.0
933,2022-08-24 00:00:00+00:00,By @elonmusk,ukraine,0.0
934,2022-08-24 00:00:00+00:00,Mentions @elonmusk,ukraine,0.0
935,2022-08-25 00:00:00+00:00,By @elonmusk,ukraine,0.0
936,2022-08-25 00:00:00+00:00,Mentions @elonmusk,ukraine,0.5015418050006922
937,2022-08-26 00:00:00+00:00,By @elonmusk,ukraine,0.0
938,2022-08-26 00:00:00+00:00,Mentions @elonmusk,ukraine,0.0
939,2022-08-27 00:00:00+00:00,By @elonmusk,ukraine,0.0
940,2022-08-27 00:00:00+00:00,Mentions @elonmusk,ukraine,0.3088671139571545
941,2022-08-28 00:00:00+00:00,By @elonmusk,ukraine,0.0
942,2022-08-28 00:00:00+00:00,Mentions @elonmusk,ukraine,0.0
943,2022-08-29 00:00:00+00:00,By @elonmusk,ukraine,0.0
944,2022-08-29 00:00:00+00:00,Mentions @elonmusk,ukraine,0.0
945,2022-08-30 00:00:00+00:00,By @elonmusk,ukraine,0.0
946,2022-08-30 00:00:00+00:00,Mentions @elonmusk,ukraine,0.0
947,2022-08-31 00:00:00+00:00,By @elonmusk,ukraine,0.0
948,2022-08-31 00:00:00+00:00,Mentions @elonmusk,ukraine,0.0
949,2022-09-01 00:00:00+00:00,By @elonmusk,ukraine,0.0
950,2022-09-01 00:00:00+00:00,Mentions @elonmusk,ukraine,0.0
951,2022-09-02 00:00:00+00:00,Mentions @elonmusk,ukraine,0.0
952,2022-09-03 00:00:00+00:00,By @elonmusk,ukraine,0.0
953,2022-09-03 00:00:00+00:00,Mentions @elonmusk,ukraine,0.0
954,2022-09-04 00:00:00+00:00,By @elonmusk,ukraine,0.0
955,2022-09-04 00:00:00+00:00,Mentions @elonmusk,ukraine,0.0
956,2022-09-05 00:00:00+00:00,By @elonmusk,ukraine,0.0
957,2022-09-05 00:00:00+00:00,Mentions @elonmusk,ukraine,0.0
958,2022-09-06 00:00:00+00:00,By @elonmusk,ukraine,0.0
959,2022-09-06 00:00:00+00:00,Mentions @elonmusk,ukraine,0.0
960,2022-09-07 00:00:00+00:00,By @elonmusk,ukraine,0.0
961,2022-09-07 00:00:00+00:00,Mentions @elonmusk,ukraine,0.0
962,2022-09-08 00:00:00+00:00,By @elonmusk,ukraine,0.0
963,2022-09-08 00:00:00+00:00,Mentions @elonmusk,ukraine,0.0
964,2022-09-09 00:00:00+00:00,By @elonmusk,ukraine,0.0
965,2022-09-09 00:00:00+00:00,Mentions @elonmusk,ukraine,0.0
966,2022-09-10 00:00:00+00:00,By @elonmusk,ukraine,0.0
967,2022-09-10 00:00:00+00:00,Mentions @elonmusk,ukraine,0.5472320093698911
968,2022-09-11 00:00:00+00:00,By @elonmusk,ukraine,0.0
969,2022-09-11 00:00:00+00:00,Mentions @elonmusk,ukraine,0.0
970,2022-09-12 00:00:00+00:00,By @elonmusk,ukraine,0.0
971,2022-09-12 00:00:00+00:00,Mentions @elonmusk,ukraine,0.0
972,2022-09-13 00:00:00+00:00,By @elonmusk,ukraine,0.0
973,2022-09-13 00:00:00+00:00,Mentions @elonmusk,ukraine,0.5581192286194968
974,2022-09-14 00:00:00+00:00,By @elonmusk,ukraine,0.0
975,2022-09-14 00:00:00+00:00,Mentions @elonmusk,ukraine,0.5301441802339109
976,2022-09-15 00:00:00+00:00,By @elonmusk,ukraine,0.0
977,2022-09-15 00:00:00+00:00,Mentions @elonmusk,ukraine,0.0
978,2022-09-16 00:00:00+00:00,By @elonmusk,ukraine,0.0
979,2022-09-16 00:00:00+00:00,Mentions @elonmusk,ukraine,0.0
980,2022-09-17 00:00:00+00:00,By @elonmusk,ukraine,0.0
981,2022-09-17 00:00:00+00:00,Mentions @elonmusk,ukraine,0.7534375081667191
982,2022-09-18 00:00:00+00:00,By @elonmusk,ukraine,0.0
983,2022-09-18 00:00:00+00:00,Mentions @elonmusk,ukraine,0.0
984,2022-09-19 00:00:00+00:00,By @elonmusk,ukraine,0.0
985,2022-09-19 00:00:00+00:00,Mentions @elonmusk,ukraine,0.0
986,2022-09-20 00:00:00+00:00,By @elonmusk,ukraine,0.0
987,2022-09-20 00:00:00+00:00,Mentions @elonmusk,ukraine,1.2400641649580175
988,2022-09-21 00:00:00+00:00,By @elonmusk,ukraine,0.0
989,2022-09-21 00:00:00+00:00,Mentions @elonmusk,ukraine,0.0
990,2022-09-22 00:00:00+00:00,By @elonmusk,ukraine,0.0
991,2022-09-22 00:00:00+00:00,Mentions @elonmusk,ukraine,0.0
992,2022-09-23 00:00:00+00:00,By @elonmusk,ukraine,0.0
993,2022-09-23 00:00:00+00:00,Mentions @elonmusk,ukraine,1.4703038548733232
994,2022-09-24 00:00:00+00:00,By @elonmusk,ukraine,0.0
995,2022-09-24 00:00:00+00:00,Mentions @elonmusk,ukraine,0.0
996,2022-09-25 00:00:00+00:00,By @elonmusk,ukraine,0.0
997,2022-09-25 00:00:00+00:00,Mentions @elonmusk,ukraine,0.3338179611836981
998,2022-09-26 00:00:00+00:00,By @elonmusk,ukraine,0.0
999,2022-09-26 00:00:00+00:00,Mentions @elonmusk,ukraine,0.0
1000,2022-09-27 00:00:00+00:00,By @elonmusk,ukraine,0.0
1001,2022-09-27 00:00:00+00:00,Mentions @elonmusk,ukraine,0.0
1002,2022-09-28 00:00:00+00:00,By @elonmusk,ukraine,0.0
1003,2022-09-28 00:00:00+00:00,Mentions @elonmusk,ukraine,0.0
1004,2022-09-29 00:00:00+00:00,By @elonmusk,ukraine,0.0
1005,2022-09-29 00:00:00+00:00,Mentions @elonmusk,ukraine,0.0
1006,2022-09-30 00:00:00+00:00,By @elonmusk,ukraine,0.0
1007,2022-09-30 00:00:00+00:00,Mentions @elonmusk,ukraine,0.0
1008,2022-10-01 00:00:00+00:00,By @elonmusk,ukraine,0.0
1009,2022-10-01 00:00:00+00:00,Mentions @elonmusk,ukraine,0.6071674784839012
1010,2022-10-02 00:00:00+00:00,By @elonmusk,ukraine,0.0
1011,2022-10-02 00:00:00+00:00,Mentions @elonmusk,ukraine,1.5607685578920374
1012,2022-10-03 00:00:00+00:00,By @elonmusk,ukraine,3.8039166672739566
1013,2022-10-03 00:00:00+00:00,Mentions @elonmusk,ukraine,21.910109496257334
1014,2022-10-04 00:00:00+00:00,By @elonmusk,ukraine,0.0
1015,2022-10-04 00:00:00+00:00,Mentions @elonmusk,ukraine,9.778011157267597
1016,2022-10-05 00:00:00+00:00,By @elonmusk,ukraine,0.0
1017,2022-10-05 00:00:00+00:00,Mentions @elonmusk,ukraine,3.782869006265199
1018,2022-10-06 00:00:00+00:00,By @elonmusk,ukraine,1.3694228679576281
1019,2022-10-06 00:00:00+00:00,Mentions @elonmusk,ukraine,24.802083721240688
1020,2022-10-07 00:00:00+00:00,By @elonmusk,ukraine,0.0
1021,2022-10-07 00:00:00+00:00,Mentions @elonmusk,ukraine,7.350516266259721
1022,2022-10-08 00:00:00+00:00,By @elonmusk,ukraine,0.0
1023,2022-10-08 00:00:00+00:00,Mentions @elonmusk,ukraine,0.3176412556588993
1024,2022-10-09 00:00:00+00:00,By @elonmusk,ukraine,0.6100982365514207
1025,2022-10-09 00:00:00+00:00,Mentions @elonmusk,ukraine,10.513043804981539
1026,2022-10-10 00:00:00+00:00,By @elonmusk,ukraine,0.0
1027,2022-10-10 00:00:00+00:00,Mentions @elonmusk,ukraine,4.308025055644549
1028,2022-10-11 00:00:00+00:00,By @elonmusk,ukraine,0.0
1029,2022-10-11 00:00:00+00:00,Mentions @elonmusk,ukraine,6.226384536485879
1030,2022-10-12 00:00:00+00:00,By @elonmusk,ukraine,0.5779772246010927
1031,2022-10-12 00:00:00+00:00,Mentions @elonmusk,ukraine,5.045449917209094
1032,2022-10-13 00:00:00+00:00,By @elonmusk,ukraine,1.0991827495641817
1033,2022-10-13 00:00:00+00:00,Mentions @elonmusk,ukraine,2.059765575976234
1838,2022-06-01 00:00:00+00:00,Mentions @elonmusk,russia,0.0
1839,2022-06-02 00:00:00+00:00,Mentions @elonmusk,russia,0.0
1840,2022-06-03 00:00:00+00:00,Mentions @elonmusk,russia,0.0
1841,2022-06-04 00:00:00+00:00,Mentions @elonmusk,russia,1.0
1842,2022-06-05 00:00:00+00:00,Mentions @elonmusk,russia,0.0
1843,2022-06-06 00:00:00+00:00,Mentions @elonmusk,russia,0.0
1844,2022-06-07 00:00:00+00:00,Mentions @elonmusk,russia,0.0
1845,2022-06-08 00:00:00+00:00,Mentions @elonmusk,russia,0.0
1846,2022-06-09 00:00:00+00:00,Mentions @elonmusk,russia,1.0529374994651999
1847,2022-06-10 00:00:00+00:00,Mentions @elonmusk,russia,0.0
1848,2022-06-11 00:00:00+00:00,Mentions @elonmusk,russia,0.0
1849,2022-06-12 00:00:00+00:00,Mentions @elonmusk,russia,0.0
1850,2022-06-13 00:00:00+00:00,Mentions @elonmusk,russia,0.0
1851,2022-06-14 00:00:00+00:00,Mentions @elonmusk,russia,0.0
1852,2022-06-15 00:00:00+00:00,Mentions @elonmusk,russia,0.0
1853,2022-06-16 00:00:00+00:00,Mentions @elonmusk,russia,0.0
1854,2022-06-17 00:00:00+00:00,Mentions @elonmusk,russia,0.0
1855,2022-06-18 00:00:00+00:00,Mentions @elonmusk,russia,0.0
1856,2022-06-19 00:00:00+00:00,Mentions @elonmusk,russia,0.0
1857,2022-06-20 00:00:00+00:00,Mentions @elonmusk,russia,0.0
1858,2022-06-21 00:00:00+00:00,Mentions @elonmusk,russia,0.0
1859,2022-06-22 00:00:00+00:00,Mentions @elonmusk,russia,0.0
1860,2022-06-23 00:00:00+00:00,Mentions @elonmusk,russia,0.0
1861,2022-06-24 00:00:00+00:00,Mentions @elonmusk,russia,0.0
1862,2022-06-25 00:00:00+00:00,Mentions @elonmusk,russia,0.0
1863,2022-06-26 00:00:00+00:00,Mentions @elonmusk,russia,0.0
1864,2022-06-27 00:00:00+00:00,Mentions @elonmusk,russia,0.0
1865,2022-06-28 00:00:00+00:00,Mentions @elonmusk,russia,0.0
1866,2022-06-29 00:00:00+00:00,Mentions @elonmusk,russia,0.0
1867,2022-06-30 00:00:00+00:00,Mentions @elonmusk,russia,0.0
1868,2022-07-01 00:00:00+00:00,Mentions @elonmusk,russia,0.0
1869,2022-07-02 00:00:00+00:00,Mentions @elonmusk,russia,0.0
1870,2022-07-03 00:00:00+00:00,Mentions @elonmusk,russia,0.0
1871,2022-07-04 00:00:00+00:00,Mentions @elonmusk,russia,0.0
1872,2022-07-05 00:00:00+00:00,Mentions @elonmusk,russia,0.0
1873,2022-07-06 00:00:00+00:00,By @elonmusk,russia,0.0
1874,2022-07-06 00:00:00+00:00,Mentions @elonmusk,russia,0.0
1875,2022-07-07 00:00:00+00:00,By @elonmusk,russia,0.0
1876,2022-07-07 00:00:00+00:00,Mentions @elonmusk,russia,0.0
1877,2022-07-08 00:00:00+00:00,By @elonmusk,russia,0.0
1878,2022-07-08 00:00:00+00:00,Mentions @elonmusk,russia,0.0
1879,2022-07-09 00:00:00+00:00,Mentions @elonmusk,russia,0.0
1880,2022-07-10 00:00:00+00:00,Mentions @elonmusk,russia,0.0
1881,2022-07-11 00:00:00+00:00,By @elonmusk,russia,0.0
1882,2022-07-11 00:00:00+00:00,Mentions @elonmusk,russia,0.0
1883,2022-07-12 00:00:00+00:00,By @elonmusk,russia,0.0
1884,2022-07-12 00:00:00+00:00,Mentions @elonmusk,russia,0.0
1885,2022-07-13 00:00:00+00:00,By @elonmusk,russia,0.0
1886,2022-07-13 00:00:00+00:00,Mentions @elonmusk,russia,0.0
1887,2022-07-14 00:00:00+00:00,By @elonmusk,russia,0.0
1888,2022-07-14 00:00:00+00:00,Mentions @elonmusk,russia,0.0
1889,2022-07-15 00:00:00+00:00,By @elonmusk,russia,0.0
1890,2022-07-15 00:00:00+00:00,Mentions @elonmusk,russia,0.0
1891,2022-07-16 00:00:00+00:00,By @elonmusk,russia,0.0
1892,2022-07-16 00:00:00+00:00,Mentions @elonmusk,russia,0.0
1893,2022-07-17 00:00:00+00:00,Mentions @elonmusk,russia,0.0
1894,2022-07-18 00:00:00+00:00,By @elonmusk,russia,0.0
1895,2022-07-18 00:00:00+00:00,Mentions @elonmusk,russia,0.0
1896,2022-07-19 00:00:00+00:00,By @elonmusk,russia,0.0
1897,2022-07-19 00:00:00+00:00,Mentions @elonmusk,russia,0.0
1898,2022-07-20 00:00:00+00:00,By @elonmusk,russia,0.0
1899,2022-07-20 00:00:00+00:00,Mentions @elonmusk,russia,0.0
1900,2022-07-21 00:00:00+00:00,By @elonmusk,russia,0.0
1901,2022-07-21 00:00:00+00:00,Mentions @elonmusk,russia,0.0
1902,2022-07-22 00:00:00+00:00,By @elonmusk,russia,0.0
1903,2022-07-22 00:00:00+00:00,Mentions @elonmusk,russia,0.0
1904,2022-07-23 00:00:00+00:00,By @elonmusk,russia,0.0
1905,2022-07-23 00:00:00+00:00,Mentions @elonmusk,russia,0.0
1906,2022-07-24 00:00:00+00:00,By @elonmusk,russia,0.0
1907,2022-07-24 00:00:00+00:00,Mentions @elonmusk,russia,0.0
1908,2022-07-25 00:00:00+00:00,By @elonmusk,russia,0.0
1909,2022-07-25 00:00:00+00:00,Mentions @elonmusk,russia,0.0
1910,2022-07-26 00:00:00+00:00,By @elonmusk,russia,0.0
1911,2022-07-26 00:00:00+00:00,Mentions @elonmusk,russia,0.0
1912,2022-07-27 00:00:00+00:00,By @elonmusk,russia,0.0
1913,2022-07-27 00:00:00+00:00,Mentions @elonmusk,russia,0.0
1914,2022-07-28 00:00:00+00:00,By @elonmusk,russia,0.0
1915,2022-07-28 00:00:00+00:00,Mentions @elonmusk,russia,0.0
1916,2022-07-29 00:00:00+00:00,By @elonmusk,russia,0.0
1917,2022-07-29 00:00:00+00:00,Mentions @elonmusk,russia,0.0
1918,2022-07-30 00:00:00+00:00,By @elonmusk,russia,0.0
1919,2022-07-30 00:00:00+00:00,Mentions @elonmusk,russia,0.0
1920,2022-07-31 00:00:00+00:00,By @elonmusk,russia,0.0
1921,2022-07-31 00:00:00+00:00,Mentions @elonmusk,russia,0.0
1922,2022-08-01 00:00:00+00:00,By @elonmusk,russia,0.0
1923,2022-08-01 00:00:00+00:00,Mentions @elonmusk,russia,0.0
1924,2022-08-02 00:00:00+00:00,By @elonmusk,russia,0.0
1925,2022-08-02 00:00:00+00:00,Mentions @elonmusk,russia,0.0
1926,2022-08-03 00:00:00+00:00,Mentions @elonmusk,russia,0.0
1927,2022-08-04 00:00:00+00:00,By @elonmusk,russia,0.0
1928,2022-08-04 00:00:00+00:00,Mentions @elonmusk,russia,0.0
1929,2022-08-05 00:00:00+00:00,By @elonmusk,russia,0.0
1930,2022-08-05 00:00:00+00:00,Mentions @elonmusk,russia,0.0
1931,2022-08-06 00:00:00+00:00,By @elonmusk,russia,0.0
1932,2022-08-06 00:00:00+00:00,Mentions @elonmusk,russia,0.0
1933,2022-08-07 00:00:00+00:00,By @elonmusk,russia,0.0
1934,2022-08-07 00:00:00+00:00,Mentions @elonmusk,russia,0.0
1935,2022-08-08 00:00:00+00:00,By @elonmusk,russia,0.0
1936,2022-08-08 00:00:00+00:00,Mentions @elonmusk,russia,0.0
1937,2022-08-09 00:00:00+00:00,By @elonmusk,russia,0.0
1938,2022-08-09 00:00:00+00:00,Mentions @elonmusk,russia,0.0
1939,2022-08-10 00:00:00+00:00,By @elonmusk,russia,0.0
1940,2022-08-10 00:00:00+00:00,Mentions @elonmusk,russia,0.0
1941,2022-08-11 00:00:00+00:00,By @elonmusk,russia,0.0
1942,2022-08-11 00:00:00+00:00,Mentions @elonmusk,russia,0.0
1943,2022-08-12 00:00:00+00:00,By @elonmusk,russia,0.0
1944,2022-08-12 00:00:00+00:00,Mentions @elonmusk,russia,0.0
1945,2022-08-13 00:00:00+00:00,By @elonmusk,russia,0.0
1946,2022-08-13 00:00:00+00:00,Mentions @elonmusk,russia,0.0
1947,2022-08-14 00:00:00+00:00,By @elonmusk,russia,0.0
1948,2022-08-14 00:00:00+00:00,Mentions @elonmusk,russia,0.0
1949,2022-08-15 00:00:00+00:00,By @elonmusk,russia,0.0
1950,2022-08-15 00:00:00+00:00,Mentions @elonmusk,russia,0.0
1951,2022-08-16 00:00:00+00:00,By @elonmusk,russia,0.0
1952,2022-08-16 00:00:00+00:00,Mentions @elonmusk,russia,0.0
1953,2022-08-17 00:00:00+00:00,By @elonmusk,russia,0.0
1954,2022-08-17 00:00:00+00:00,Mentions @elonmusk,russia,0.0
1955,2022-08-18 00:00:00+00:00,By @elonmusk,russia,0.0
1956,2022-08-18 00:00:00+00:00,Mentions @elonmusk,russia,0.0
1957,2022-08-19 00:00:00+00:00,By @elonmusk,russia,0.0
1958,2022-08-19 00:00:00+00:00,Mentions @elonmusk,russia,0.0
1959,2022-08-20 00:00:00+00:00,By @elonmusk,russia,0.0
1960,2022-08-20 00:00:00+00:00,Mentions @elonmusk,russia,0.0
1961,2022-08-21 00:00:00+00:00,By @elonmusk,russia,0.0
1962,2022-08-21 00:00:00+00:00,Mentions @elonmusk,russia,0.0
1963,2022-08-22 00:00:00+00:00,By @elonmusk,russia,0.0
1964,2022-08-22 00:00:00+00:00,Mentions @elonmusk,russia,0.0
1965,2022-08-23 00:00:00+00:00,By @elonmusk,russia,0.0
1966,2022-08-23 00:00:00+00:00,Mentions @elonmusk,russia,0.0
1967,2022-08-24 00:00:00+00:00,By @elonmusk,russia,0.0
1968,2022-08-24 00:00:00+00:00,Mentions @elonmusk,russia,0.0
1969,2022-08-25 00:00:00+00:00,By @elonmusk,russia,0.0
1970,2022-08-25 00:00:00+00:00,Mentions @elonmusk,russia,0.0
1971,2022-08-26 00:00:00+00:00,By @elonmusk,russia,0.0
1972,2022-08-26 00:00:00+00:00,Mentions @elonmusk,russia,0.0
1973,2022-08-27 00:00:00+00:00,By @elonmusk,russia,0.0
1974,2022-08-27 00:00:00+00:00,Mentions @elonmusk,russia,0.0
1975,2022-08-28 00:00:00+00:00,By @elonmusk,russia,0.0
1976,2022-08-28 00:00:00+00:00,Mentions @elonmusk,russia,0.0
1977,2022-08-29 00:00:00+00:00,By @elonmusk,russia,0.0
1978,2022-08-29 00:00:00+00:00,Mentions @elonmusk,russia,0.0
1979,2022-08-30 00:00:00+00:00,By @elonmusk,russia,0.0
1980,2022-08-30 00:00:00+00:00,Mentions @elonmusk,russia,0.0
1981,2022-08-31 00:00:00+00:00,By @elonmusk,russia,0.0
1982,2022-08-31 00:00:00+00:00,Mentions @elonmusk,russia,0.0
1983,2022-09-01 00:00:00+00:00,By @elonmusk,russia,0.0
1984,2022-09-01 00:00:00+00:00,Mentions @elonmusk,russia,0.0
1985,2022-09-02 00:00:00+00:00,Mentions @elonmusk,russia,0.0
1986,2022-09-03 00:00:00+00:00,By @elonmusk,russia,0.0
1987,2022-09-03 00:00:00+00:00,Mentions @elonmusk,russia,0.0
1988,2022-09-04 00:00:00+00:00,By @elonmusk,russia,0.0
1989,2022-09-04 00:00:00+00:00,Mentions @elonmusk,russia,0.0
1990,2022-09-05 00:00:00+00:00,By @elonmusk,russia,0.0
1991,2022-09-05 00:00:00+00:00,Mentions @elonmusk,russia,0.0
1992,2022-09-06 00:00:00+00:00,By @elonmusk,russia,0.0
1993,2022-09-06 00:00:00+00:00,Mentions @elonmusk,russia,0.0
1994,2022-09-07 00:00:00+00:00,By @elonmusk,russia,0.0
1995,2022-09-07 00:00:00+00:00,Mentions @elonmusk,russia,0.0
1996,2022-09-08 00:00:00+00:00,By @elonmusk,russia,0.0
1997,2022-09-08 00:00:00+00:00,Mentions @elonmusk,russia,0.0
1998,2022-09-09 00:00:00+00:00,By @elonmusk,russia,0.0
1999,2022-09-09 00:00:00+00:00,Mentions @elonmusk,russia,0.6993824475647938
2000,2022-09-10 00:00:00+00:00,By @elonmusk,russia,0.0
2001,2022-09-10 00:00:00+00:00,Mentions @elonmusk,russia,0.0
2002,2022-09-11 00:00:00+00:00,By @elonmusk,russia,0.0
2003,2022-09-11 00:00:00+00:00,Mentions @elonmusk,russia,0.0
2004,2022-09-12 00:00:00+00:00,By @elonmusk,russia,0.0
2005,2022-09-12 00:00:00+00:00,Mentions @elonmusk,russia,0.0
2006,2022-09-13 00:00:00+00:00,By @elonmusk,russia,0.0
2007,2022-09-13 00:00:00+00:00,Mentions @elonmusk,russia,0.0
2008,2022-09-14 00:00:00+00:00,By @elonmusk,russia,0.0
2009,2022-09-14 00:00:00+00:00,Mentions @elonmusk,russia,0.0
2010,2022-09-15 00:00:00+00:00,By @elonmusk,russia,0.0
2011,2022-09-15 00:00:00+00:00,Mentions @elonmusk,russia,0.0
2012,2022-09-16 00:00:00+00:00,By @elonmusk,russia,0.0
2013,2022-09-16 00:00:00+00:00,Mentions @elonmusk,russia,0.0
2014,2022-09-17 00:00:00+00:00,By @elonmusk,russia,0.0
2015,2022-09-17 00:00:00+00:00,Mentions @elonmusk,russia,0.0
2016,2022-09-18 00:00:00+00:00,By @elonmusk,russia,0.0
2017,2022-09-18 00:00:00+00:00,Mentions @elonmusk,russia,0.0
2018,2022-09-19 00:00:00+00:00,By @elonmusk,russia,0.0
2019,2022-09-19 00:00:00+00:00,Mentions @elonmusk,russia,0.0
2020,2022-09-20 00:00:00+00:00,By @elonmusk,russia,0.0
2021,2022-09-20 00:00:00+00:00,Mentions @elonmusk,russia,0.0
2022,2022-09-21 00:00:00+00:00,By @elonmusk,russia,0.0
2023,2022-09-21 00:00:00+00:00,Mentions @elonmusk,russia,0.0
2024,2022-09-22 00:00:00+00:00,By @elonmusk,russia,0.0
2025,2022-09-22 00:00:00+00:00,Mentions @elonmusk,russia,0.0
2026,2022-09-23 00:00:00+00:00,By @elonmusk,russia,0.0
2027,2022-09-23 00:00:00+00:00,Mentions @elonmusk,russia,1.4421121614448913
2028,2022-09-24 00:00:00+00:00,By @elonmusk,russia,0.0
2029,2022-09-24 00:00:00+00:00,Mentions @elonmusk,russia,0.0
2030,2022-09-25 00:00:00+00:00,By @elonmusk,russia,0.0
2031,2022-09-25 00:00:00+00:00,Mentions @elonmusk,russia,0.0
2032,2022-09-26 00:00:00+00:00,By @elonmusk,russia,0.0
2033,2022-09-26 00:00:00+00:00,Mentions @elonmusk,russia,0.0
2034,2022-09-27 00:00:00+00:00,By @elonmusk,russia,0.0
2035,2022-09-27 00:00:00+00:00,Mentions @elonmusk,russia,1.3147875798646966
2036,2022-09-28 00:00:00+00:00,By @elonmusk,russia,0.0
2037,2022-09-28 00:00:00+00:00,Mentions @elonmusk,russia,0.0
2038,2022-09-29 00:00:00+00:00,By @elonmusk,russia,0.0
2039,2022-09-29 00:00:00+00:00,Mentions @elonmusk,russia,0.0
2040,2022-09-30 00:00:00+00:00,By @elonmusk,russia,0.0
2041,2022-09-30 00:00:00+00:00,Mentions @elonmusk,russia,0.0
2042,2022-10-01 00:00:00+00:00,By @elonmusk,russia,0.0
2043,2022-10-01 00:00:00+00:00,Mentions @elonmusk,russia,0.4645783622546395
2044,2022-10-02 00:00:00+00:00,By @elonmusk,russia,0.0
2045,2022-10-02 00:00:00+00:00,Mentions @elonmusk,russia,1.6301602197149445
2046,2022-10-03 00:00:00+00:00,By @elonmusk,russia,2.9856181777854474
2047,2022-10-03 00:00:00+00:00,Mentions @elonmusk,russia,30.88278354899179
2048,2022-10-04 00:00:00+00:00,By @elonmusk,russia,0.0
2049,2022-10-04 00:00:00+00:00,Mentions @elonmusk,russia,5.978526358824595
2050,2022-10-05 00:00:00+00:00,By @elonmusk,russia,0.5547878362447537
2051,2022-10-05 00:00:00+00:00,Mentions @elonmusk,russia,5.179672614382441
2052,2022-10-06 00:00:00+00:00,By @elonmusk,russia,1.496902181839792
2053,2022-10-06 00:00:00+00:00,Mentions @elonmusk,russia,15.786137015849755
2054,2022-10-07 00:00:00+00:00,By @elonmusk,russia,0.0
2055,2022-10-07 00:00:00+00:00,Mentions @elonmusk,russia,7.690333566230459
2056,2022-10-08 00:00:00+00:00,By @elonmusk,russia,0.0
2057,2022-10-08 00:00:00+00:00,Mentions @elonmusk,russia,0.0
2058,2022-10-09 00:00:00+00:00,By @elonmusk,russia,0.0
2059,2022-10-09 00:00:00+00:00,Mentions @elonmusk,russia,11.13568690805148
2060,2022-10-10 00:00:00+00:00,By @elonmusk,russia,0.0
2061,2022-10-10 00:00:00+00:00,Mentions @elonmusk,russia,3.8659431795322656
2062,2022-10-11 00:00:00+00:00,By @elonmusk,russia,0.0
2063,2022-10-11 00:00:00+00:00,Mentions @elonmusk,russia,6.085495354090325
2064,2022-10-12 00:00:00+00:00,By @elonmusk,russia,0.0
2065,2022-10-12 00:00:00+00:00,Mentions @elonmusk,russia,0.9954977802607847
2066,2022-10-13 00:00:00+00:00,By @elonmusk,russia,0.0
2067,2022-10-13 00:00:00+00:00,Mentions @elonmusk,russia,1.255479762189238
2872,2022-06-01 00:00:00+00:00,Mentions @elonmusk,tesla,0.8865653415814823
2873,2022-06-02 00:00:00+00:00,Mentions @elonmusk,tesla,2.168858621022898
2874,2022-06-03 00:00:00+00:00,Mentions @elonmusk,tesla,2.698730554995196
2875,2022-06-04 00:00:00+00:00,Mentions @elonmusk,tesla,4.381580938078132
2876,2022-06-05 00:00:00+00:00,Mentions @elonmusk,tesla,2.2626581003596136
2877,2022-06-06 00:00:00+00:00,Mentions @elonmusk,tesla,0.0
2878,2022-06-07 00:00:00+00:00,Mentions @elonmusk,tesla,2.0559747171758795
2879,2022-06-08 00:00:00+00:00,Mentions @elonmusk,tesla,2.003001931706857
2880,2022-06-09 00:00:00+00:00,Mentions @elonmusk,tesla,0.7662489423884952
2881,2022-06-10 00:00:00+00:00,Mentions @elonmusk,tesla,2.098341637696751
2882,2022-06-11 00:00:00+00:00,Mentions @elonmusk,tesla,1.1683527181904143
2883,2022-06-12 00:00:00+00:00,Mentions @elonmusk,tesla,1.6700238122293385
2884,2022-06-13 00:00:00+00:00,Mentions @elonmusk,tesla,1.8248120418996467
2885,2022-06-14 00:00:00+00:00,Mentions @elonmusk,tesla,0.8975946743428542
2886,2022-06-15 00:00:00+00:00,Mentions @elonmusk,tesla,2.6670519960233325
2887,2022-06-16 00:00:00+00:00,Mentions @elonmusk,tesla,0.3756489063217725
2888,2022-06-17 00:00:00+00:00,Mentions @elonmusk,tesla,0.9753655612180161
2889,2022-06-18 00:00:00+00:00,Mentions @elonmusk,tesla,2.150865956106538
2890,2022-06-19 00:00:00+00:00,Mentions @elonmusk,tesla,0.0
2891,2022-06-20 00:00:00+00:00,Mentions @elonmusk,tesla,0.0
2892,2022-06-21 00:00:00+00:00,Mentions @elonmusk,tesla,0.45560992631637226
2893,2022-06-22 00:00:00+00:00,Mentions @elonmusk,tesla,0.8037941255443309
2894,2022-06-23 00:00:00+00:00,Mentions @elonmusk,tesla,0.6229423626019415
2895,2022-06-24 00:00:00+00:00,Mentions @elonmusk,tesla,0.6254872764038327
2896,2022-06-25 00:00:00+00:00,Mentions @elonmusk,tesla,0.6350053104349864
2897,2022-06-26 00:00:00+00:00,Mentions @elonmusk,tesla,0.0
2898,2022-06-27 00:00:00+00:00,Mentions @elonmusk,tesla,0.0
2899,2022-06-28 00:00:00+00:00,Mentions @elonmusk,tesla,0.8543575365918551
2900,2022-06-29 00:00:00+00:00,Mentions @elonmusk,tesla,0.0
2901,2022-06-30 00:00:00+00:00,Mentions @elonmusk,tesla,0.6569890120923499
2902,2022-07-01 00:00:00+00:00,Mentions @elonmusk,tesla,0.5958783492613757
2903,2022-07-02 00:00:00+00:00,Mentions @elonmusk,tesla,0.711914249521028
2904,2022-07-03 00:00:00+00:00,Mentions @elonmusk,tesla,0.0
2905,2022-07-04 00:00:00+00:00,Mentions @elonmusk,tesla,0.0
2906,2022-07-05 00:00:00+00:00,Mentions @elonmusk,tesla,1.5924422584219071
2907,2022-07-06 00:00:00+00:00,By @elonmusk,tesla,0.0
2908,2022-07-06 00:00:00+00:00,Mentions @elonmusk,tesla,2.0038579526086804
2909,2022-07-07 00:00:00+00:00,By @elonmusk,tesla,0.693926896624003
2910,2022-07-07 00:00:00+00:00,Mentions @elonmusk,tesla,2.317536565908395
2911,2022-07-08 00:00:00+00:00,By @elonmusk,tesla,0.0
2912,2022-07-08 00:00:00+00:00,Mentions @elonmusk,tesla,0.4628589463253307
2913,2022-07-09 00:00:00+00:00,Mentions @elonmusk,tesla,0.8707067147436729
2914,2022-07-10 00:00:00+00:00,Mentions @elonmusk,tesla,0.5433960885143148
2915,2022-07-11 00:00:00+00:00,By @elonmusk,tesla,0.0
2916,2022-07-11 00:00:00+00:00,Mentions @elonmusk,tesla,0.8662184288860264
2917,2022-07-12 00:00:00+00:00,By @elonmusk,tesla,0.0
2918,2022-07-12 00:00:00+00:00,Mentions @elonmusk,tesla,0.3019920167825888
2919,2022-07-13 00:00:00+00:00,By @elonmusk,tesla,0.3081292998988127
2920,2022-07-13 00:00:00+00:00,Mentions @elonmusk,tesla,1.9486702034652508
2921,2022-07-14 00:00:00+00:00,By @elonmusk,tesla,0.0
2922,2022-07-14 00:00:00+00:00,Mentions @elonmusk,tesla,0.1933737751313685
2923,2022-07-15 00:00:00+00:00,By @elonmusk,tesla,0.3204778819305243
2924,2022-07-15 00:00:00+00:00,Mentions @elonmusk,tesla,0.0
2925,2022-07-16 00:00:00+00:00,By @elonmusk,tesla,0.0
2926,2022-07-16 00:00:00+00:00,Mentions @elonmusk,tesla,0.6197537486341246
2927,2022-07-17 00:00:00+00:00,Mentions @elonmusk,tesla,0.2582969888624596
2928,2022-07-18 00:00:00+00:00,By @elonmusk,tesla,0.0
2929,2022-07-18 00:00:00+00:00,Mentions @elonmusk,tesla,3.253165423767129
2930,2022-07-19 00:00:00+00:00,By @elonmusk,tesla,1.2805953104164525
2931,2022-07-19 00:00:00+00:00,Mentions @elonmusk,tesla,2.1988005582997365
2932,2022-07-20 00:00:00+00:00,By @elonmusk,tesla,0.0
2933,2022-07-20 00:00:00+00:00,Mentions @elonmusk,tesla,1.0013249548802543
2934,2022-07-21 00:00:00+00:00,By @elonmusk,tesla,0.0
2935,2022-07-21 00:00:00+00:00,Mentions @elonmusk,tesla,2.9719990284023794
2936,2022-07-22 00:00:00+00:00,By @elonmusk,tesla,0.0
2937,2022-07-22 00:00:00+00:00,Mentions @elonmusk,tesla,1.9742536694917314
2938,2022-07-23 00:00:00+00:00,By @elonmusk,tesla,0.2300248630228002
2939,2022-07-23 00:00:00+00:00,Mentions @elonmusk,tesla,1.7893361295480579
2940,2022-07-24 00:00:00+00:00,By @elonmusk,tesla,0.0
2941,2022-07-24 00:00:00+00:00,Mentions @elonmusk,tesla,0.2149733461168307
2942,2022-07-25 00:00:00+00:00,By @elonmusk,tesla,0.3277238140487682
2943,2022-07-25 00:00:00+00:00,Mentions @elonmusk,tesla,3.124277169880094
2944,2022-07-26 00:00:00+00:00,By @elonmusk,tesla,0.0
2945,2022-07-26 00:00:00+00:00,Mentions @elonmusk,tesla,0.0
2946,2022-07-27 00:00:00+00:00,By @elonmusk,tesla,0.0
2947,2022-07-27 00:00:00+00:00,Mentions @elonmusk,tesla,0.6971904419388386
2948,2022-07-28 00:00:00+00:00,By @elonmusk,tesla,0.0
2949,2022-07-28 00:00:00+00:00,Mentions @elonmusk,tesla,2.110399165440616
2950,2022-07-29 00:00:00+00:00,By @elonmusk,tesla,1.0
2951,2022-07-29 00:00:00+00:00,Mentions @elonmusk,tesla,2.592544028358696
2952,2022-07-30 00:00:00+00:00,By @elonmusk,tesla,1.1917473653241224
2953,2022-07-30 00:00:00+00:00,Mentions @elonmusk,tesla,0.9234618024557306
2954,2022-07-31 00:00:00+00:00,By @elonmusk,tesla,0.0
2955,2022-07-31 00:00:00+00:00,Mentions @elonmusk,tesla,1.2436934240687387
2956,2022-08-01 00:00:00+00:00,By @elonmusk,tesla,0.0
2957,2022-08-01 00:00:00+00:00,Mentions @elonmusk,tesla,0.1586358475299958
2958,2022-08-02 00:00:00+00:00,By @elonmusk,tesla,0.0
2959,2022-08-02 00:00:00+00:00,Mentions @elonmusk,tesla,2.0711225712059016
2960,2022-08-03 00:00:00+00:00,Mentions @elonmusk,tesla,1.3359475415657307
2961,2022-08-04 00:00:00+00:00,By @elonmusk,tesla,0.2459354825646982
2962,2022-08-04 00:00:00+00:00,Mentions @elonmusk,tesla,1.97474498228333
2963,2022-08-05 00:00:00+00:00,By @elonmusk,tesla,0.0
2964,2022-08-05 00:00:00+00:00,Mentions @elonmusk,tesla,1.2729477966098988
2965,2022-08-06 00:00:00+00:00,By @elonmusk,tesla,0.0
2966,2022-08-06 00:00:00+00:00,Mentions @elonmusk,tesla,1.7809287037915182
2967,2022-08-07 00:00:00+00:00,By @elonmusk,tesla,0.0
2968,2022-08-07 00:00:00+00:00,Mentions @elonmusk,tesla,1.6056010580083218
2969,2022-08-08 00:00:00+00:00,By @elonmusk,tesla,0.0
2970,2022-08-08 00:00:00+00:00,Mentions @elonmusk,tesla,0.4910344693538994
2971,2022-08-09 00:00:00+00:00,By @elonmusk,tesla,0.5704725382143551
2972,2022-08-09 00:00:00+00:00,Mentions @elonmusk,tesla,1.2440480885148635
2973,2022-08-10 00:00:00+00:00,By @elonmusk,tesla,0.5432630128708933
2974,2022-08-10 00:00:00+00:00,Mentions @elonmusk,tesla,5.13108111658342
2975,2022-08-11 00:00:00+00:00,By @elonmusk,tesla,0.4517020970999815
2976,2022-08-11 00:00:00+00:00,Mentions @elonmusk,tesla,3.6198921355592897
2977,2022-08-12 00:00:00+00:00,By @elonmusk,tesla,0.0
2978,2022-08-12 00:00:00+00:00,Mentions @elonmusk,tesla,0.3934858450050589
2979,2022-08-13 00:00:00+00:00,By @elonmusk,tesla,0.0
2980,2022-08-13 00:00:00+00:00,Mentions @elonmusk,tesla,1.6038988549419524
2981,2022-08-14 00:00:00+00:00,By @elonmusk,tesla,0.0
2982,2022-08-14 00:00:00+00:00,Mentions @elonmusk,tesla,2.7757936902064784
2983,2022-08-15 00:00:00+00:00,By @elonmusk,tesla,0.3317637535729998
2984,2022-08-15 00:00:00+00:00,Mentions @elonmusk,tesla,1.0715099980108034
2985,2022-08-16 00:00:00+00:00,By @elonmusk,tesla,0.0
2986,2022-08-16 00:00:00+00:00,Mentions @elonmusk,tesla,3.1867335402721118
2987,2022-08-17 00:00:00+00:00,By @elonmusk,tesla,0.0
2988,2022-08-17 00:00:00+00:00,Mentions @elonmusk,tesla,2.7545245732616284
2989,2022-08-18 00:00:00+00:00,By @elonmusk,tesla,0.0
2990,2022-08-18 00:00:00+00:00,Mentions @elonmusk,tesla,9.751497460216207
2991,2022-08-19 00:00:00+00:00,By @elonmusk,tesla,0.2207426665948016
2992,2022-08-19 00:00:00+00:00,Mentions @elonmusk,tesla,2.521125980175457
2993,2022-08-20 00:00:00+00:00,By @elonmusk,tesla,0.0
2994,2022-08-20 00:00:00+00:00,Mentions @elonmusk,tesla,0.514720484044543
2995,2022-08-21 00:00:00+00:00,By @elonmusk,tesla,2.565891650997389
2996,2022-08-21 00:00:00+00:00,Mentions @elonmusk,tesla,4.952328277118667
2997,2022-08-22 00:00:00+00:00,By @elonmusk,tesla,0.0
2998,2022-08-22 00:00:00+00:00,Mentions @elonmusk,tesla,4.928113914434685
2999,2022-08-23 00:00:00+00:00,By @elonmusk,tesla,0.0
3000,2022-08-23 00:00:00+00:00,Mentions @elonmusk,tesla,4.609030138845235
3001,2022-08-24 00:00:00+00:00,By @elonmusk,tesla,0.0
3002,2022-08-24 00:00:00+00:00,Mentions @elonmusk,tesla,4.066715987527521
3003,2022-08-25 00:00:00+00:00,By @elonmusk,tesla,0.0
3004,2022-08-25 00:00:00+00:00,Mentions @elonmusk,tesla,0.2986985057840533
3005,2022-08-26 00:00:00+00:00,By @elonmusk,tesla,0.0
3006,2022-08-26 00:00:00+00:00,Mentions @elonmusk,tesla,2.507888073964714
3007,2022-08-27 00:00:00+00:00,By @elonmusk,tesla,0.0
3008,2022-08-27 00:00:00+00:00,Mentions @elonmusk,tesla,0.7687060392948539
3009,2022-08-28 00:00:00+00:00,By @elonmusk,tesla,0.2589460301303952
3010,2022-08-28 00:00:00+00:00,Mentions @elonmusk,tesla,2.99012948617876
3011,2022-08-29 00:00:00+00:00,By @elonmusk,tesla,0.0
3012,2022-08-29 00:00:00+00:00,Mentions @elonmusk,tesla,1.591233899218559
3013,2022-08-30 00:00:00+00:00,By @elonmusk,tesla,0.0
3014,2022-08-30 00:00:00+00:00,Mentions @elonmusk,tesla,3.9086597739360274
3015,2022-08-31 00:00:00+00:00,By @elonmusk,tesla,0.0
3016,2022-08-31 00:00:00+00:00,Mentions @elonmusk,tesla,3.5658022990781872
3017,2022-09-01 00:00:00+00:00,By @elonmusk,tesla,0.0
3018,2022-09-01 00:00:00+00:00,Mentions @elonmusk,tesla,1.3631019827649837
3019,2022-09-02 00:00:00+00:00,Mentions @elonmusk,tesla,2.0883366781824537
3020,2022-09-03 00:00:00+00:00,By @elonmusk,tesla,0.0
3021,2022-09-03 00:00:00+00:00,Mentions @elonmusk,tesla,4.2951789302052195
3022,2022-09-04 00:00:00+00:00,By @elonmusk,tesla,0.0
3023,2022-09-04 00:00:00+00:00,Mentions @elonmusk,tesla,0.9584879597497022
3024,2022-09-05 00:00:00+00:00,By @elonmusk,tesla,1.0
3025,2022-09-05 00:00:00+00:00,Mentions @elonmusk,tesla,5.816925562243613
3026,2022-09-06 00:00:00+00:00,By @elonmusk,tesla,0.0
3027,2022-09-06 00:00:00+00:00,Mentions @elonmusk,tesla,2.805612657640204
3028,2022-09-07 00:00:00+00:00,By @elonmusk,tesla,0.0
3029,2022-09-07 00:00:00+00:00,Mentions @elonmusk,tesla,3.5152384382867248
3030,2022-09-08 00:00:00+00:00,By @elonmusk,tesla,1.0924214926855813
3031,2022-09-08 00:00:00+00:00,Mentions @elonmusk,tesla,8.43336718032969
3032,2022-09-09 00:00:00+00:00,By @elonmusk,tesla,0.9428740411931232
3033,2022-09-09 00:00:00+00:00,Mentions @elonmusk,tesla,8.450324862317677
3034,2022-09-10 00:00:00+00:00,By @elonmusk,tesla,0.0
3035,2022-09-10 00:00:00+00:00,Mentions @elonmusk,tesla,4.901833143804506
3036,2022-09-11 00:00:00+00:00,By @elonmusk,tesla,0.0
3037,2022-09-11 00:00:00+00:00,Mentions @elonmusk,tesla,3.247056147426852
3038,2022-09-12 00:00:00+00:00,By @elonmusk,tesla,0.370658299911055
3039,2022-09-12 00:00:00+00:00,Mentions @elonmusk,tesla,4.1379041646888055
3040,2022-09-13 00:00:00+00:00,By @elonmusk,tesla,0.0
3041,2022-09-13 00:00:00+00:00,Mentions @elonmusk,tesla,4.237825082246934
3042,2022-09-14 00:00:00+00:00,By @elonmusk,tesla,0.0
3043,2022-09-14 00:00:00+00:00,Mentions @elonmusk,tesla,6.920930587807897
3044,2022-09-15 00:00:00+00:00,By @elonmusk,tesla,0.0
3045,2022-09-15 00:00:00+00:00,Mentions @elonmusk,tesla,4.066243987306648
3046,2022-09-16 00:00:00+00:00,By @elonmusk,tesla,0.0
3047,2022-09-16 00:00:00+00:00,Mentions @elonmusk,tesla,2.7829311531113836
3048,2022-09-17 00:00:00+00:00,By @elonmusk,tesla,0.0
3049,2022-09-17 00:00:00+00:00,Mentions @elonmusk,tesla,2.9789953717837463
3050,2022-09-18 00:00:00+00:00,By @elonmusk,tesla,0.0
3051,2022-09-18 00:00:00+00:00,Mentions @elonmusk,tesla,2.0330820240728014
3052,2022-09-19 00:00:00+00:00,By @elonmusk,tesla,0.0
3053,2022-09-19 00:00:00+00:00,Mentions @elonmusk,tesla,2.5722684043693924
3054,2022-09-20 00:00:00+00:00,By @elonmusk,tesla,0.0
3055,2022-09-20 00:00:00+00:00,Mentions @elonmusk,tesla,8.2627621518493
3056,2022-09-21 00:00:00+00:00,By @elonmusk,tesla,0.5609034683727735
3057,2022-09-21 00:00:00+00:00,Mentions @elonmusk,tesla,8.732516380019286
3058,2022-09-22 00:00:00+00:00,By @elonmusk,tesla,0.0
3059,2022-09-22 00:00:00+00:00,Mentions @elonmusk,tesla,11.027729468848776
3060,2022-09-23 00:00:00+00:00,By @elonmusk,tesla,0.0
3061,2022-09-23 00:00:00+00:00,Mentions @elonmusk,tesla,8.749298134120448
3062,2022-09-24 00:00:00+00:00,By @elonmusk,tesla,0.0
3063,2022-09-24 00:00:00+00:00,Mentions @elonmusk,tesla,2.1161970119672464
3064,2022-09-25 00:00:00+00:00,By @elonmusk,tesla,0.0
3065,2022-09-25 00:00:00+00:00,Mentions @elonmusk,tesla,1.1219351722171012
3066,2022-09-26 00:00:00+00:00,By @elonmusk,tesla,0.0
3067,2022-09-26 00:00:00+00:00,Mentions @elonmusk,tesla,4.748828103323019
3068,2022-09-27 00:00:00+00:00,By @elonmusk,tesla,0.0
3069,2022-09-27 00:00:00+00:00,Mentions @elonmusk,tesla,8.305296757074169
3070,2022-09-28 00:00:00+00:00,By @elonmusk,tesla,0.9827410316570733
3071,2022-09-28 00:00:00+00:00,Mentions @elonmusk,tesla,9.287022786697449
3072,2022-09-29 00:00:00+00:00,By @elonmusk,tesla,0.0
3073,2022-09-29 00:00:00+00:00,Mentions @elonmusk,tesla,10.000615095406014
3074,2022-09-30 00:00:00+00:00,By @elonmusk,tesla,0.7508716547437595
3075,2022-09-30 00:00:00+00:00,Mentions @elonmusk,tesla,17.508527302001756
3076,2022-10-01 00:00:00+00:00,By @elonmusk,tesla,0.357649574357735
3077,2022-10-01 00:00:00+00:00,Mentions @elonmusk,tesla,45.921527156273115
3078,2022-10-02 00:00:00+00:00,By @elonmusk,tesla,0.8491071561364352
3079,2022-10-02 00:00:00+00:00,Mentions @elonmusk,tesla,14.807304448679655
3080,2022-10-03 00:00:00+00:00,By @elonmusk,tesla,0.3072747840620111
3081,2022-10-03 00:00:00+00:00,Mentions @elonmusk,tesla,23.05323124263166
3082,2022-10-04 00:00:00+00:00,By @elonmusk,tesla,0.0
3083,2022-10-04 00:00:00+00:00,Mentions @elonmusk,tesla,27.217553456729284
3084,2022-10-05 00:00:00+00:00,By @elonmusk,tesla,0.0
3085,2022-10-05 00:00:00+00:00,Mentions @elonmusk,tesla,10.837754154089776
3086,2022-10-06 00:00:00+00:00,By @elonmusk,tesla,0.7373399572859853
3087,2022-10-06 00:00:00+00:00,Mentions @elonmusk,tesla,19.426405844396378
3088,2022-10-07 00:00:00+00:00,By @elonmusk,tesla,0.4312815371883476
3089,2022-10-07 00:00:00+00:00,Mentions @elonmusk,tesla,23.601079561275423
3090,2022-10-08 00:00:00+00:00,By @elonmusk,tesla,0.0
3091,2022-10-08 00:00:00+00:00,Mentions @elonmusk,tesla,9.470612571336321
3092,2022-10-09 00:00:00+00:00,By @elonmusk,tesla,0.0
3093,2022-10-09 00:00:00+00:00,Mentions @elonmusk,tesla,10.687079261118956
3094,2022-10-10 00:00:00+00:00,By @elonmusk,tesla,0.0
3095,2022-10-10 00:00:00+00:00,Mentions @elonmusk,tesla,9.536068690634009
3096,2022-10-11 00:00:00+00:00,By @elonmusk,tesla,0.0
3097,2022-10-11 00:00:00+00:00,Mentions @elonmusk,tesla,12.986389963087298
3098,2022-10-12 00:00:00+00:00,By @elonmusk,tesla,0.0
3099,2022-10-12 00:00:00+00:00,Mentions @elonmusk,tesla,10.255537834108887
3100,2022-10-13 00:00:00+00:00,By @elonmusk,tesla,0.0
3101,2022-10-13 00:00:00+00:00,Mentions @elonmusk,tesla,7.150061717475308
3906,2022-06-01 00:00:00+00:00,Mentions @elonmusk,space,0.5730463113566477
3907,2022-06-02 00:00:00+00:00,Mentions @elonmusk,space,0.0
3908,2022-06-03 00:00:00+00:00,Mentions @elonmusk,space,0.0
3909,2022-06-04 00:00:00+00:00,Mentions @elonmusk,space,0.970202119976118
3910,2022-06-05 00:00:00+00:00,Mentions @elonmusk,space,0.5506384944952801
3911,2022-06-06 00:00:00+00:00,Mentions @elonmusk,space,0.0
3912,2022-06-07 00:00:00+00:00,Mentions @elonmusk,space,0.5217972177871626
3913,2022-06-08 00:00:00+00:00,Mentions @elonmusk,space,0.0
3914,2022-06-09 00:00:00+00:00,Mentions @elonmusk,space,0.0
3915,2022-06-10 00:00:00+00:00,Mentions @elonmusk,space,0.1998366391051308
3916,2022-06-11 00:00:00+00:00,Mentions @elonmusk,space,0.0
3917,2022-06-12 00:00:00+00:00,Mentions @elonmusk,space,0.0
3918,2022-06-13 00:00:00+00:00,Mentions @elonmusk,space,0.3536569489161055
3919,2022-06-14 00:00:00+00:00,Mentions @elonmusk,space,0.0
3920,2022-06-15 00:00:00+00:00,Mentions @elonmusk,space,0.0
3921,2022-06-16 00:00:00+00:00,Mentions @elonmusk,space,0.0
3922,2022-06-17 00:00:00+00:00,Mentions @elonmusk,space,0.0
3923,2022-06-18 00:00:00+00:00,Mentions @elonmusk,space,0.864099585997589
3924,2022-06-19 00:00:00+00:00,Mentions @elonmusk,space,0.5989413460276433
3925,2022-06-20 00:00:00+00:00,Mentions @elonmusk,space,1.0
3926,2022-06-21 00:00:00+00:00,Mentions @elonmusk,space,0.0
3927,2022-06-22 00:00:00+00:00,Mentions @elonmusk,space,0.5805450326655149
3928,2022-06-23 00:00:00+00:00,Mentions @elonmusk,space,0.0
3929,2022-06-24 00:00:00+00:00,Mentions @elonmusk,space,0.0
3930,2022-06-25 00:00:00+00:00,Mentions @elonmusk,space,0.0
3931,2022-06-26 00:00:00+00:00,Mentions @elonmusk,space,0.0
3932,2022-06-27 00:00:00+00:00,Mentions @elonmusk,space,0.0
3933,2022-06-28 00:00:00+00:00,Mentions @elonmusk,space,0.3088761946278605
3934,2022-06-29 00:00:00+00:00,Mentions @elonmusk,space,0.616924528706199
3935,2022-06-30 00:00:00+00:00,Mentions @elonmusk,space,0.0
3936,2022-07-01 00:00:00+00:00,Mentions @elonmusk,space,0.0
3937,2022-07-02 00:00:00+00:00,Mentions @elonmusk,space,0.0
3938,2022-07-03 00:00:00+00:00,Mentions @elonmusk,space,0.0
3939,2022-07-04 00:00:00+00:00,Mentions @elonmusk,space,0.0
3940,2022-07-05 00:00:00+00:00,Mentions @elonmusk,space,0.3638409757545222
3941,2022-07-06 00:00:00+00:00,By @elonmusk,space,0.0
3942,2022-07-06 00:00:00+00:00,Mentions @elonmusk,space,0.8382969543836969
3943,2022-07-07 00:00:00+00:00,By @elonmusk,space,0.0
3944,2022-07-07 00:00:00+00:00,Mentions @elonmusk,space,0.4105693946936208
3945,2022-07-08 00:00:00+00:00,By @elonmusk,space,0.0
3946,2022-07-08 00:00:00+00:00,Mentions @elonmusk,space,0.6254827069086888
3947,2022-07-09 00:00:00+00:00,Mentions @elonmusk,space,0.0
3948,2022-07-10 00:00:00+00:00,Mentions @elonmusk,space,0.0
3949,2022-07-11 00:00:00+00:00,By @elonmusk,space,0.0
3950,2022-07-11 00:00:00+00:00,Mentions @elonmusk,space,0.0
3951,2022-07-12 00:00:00+00:00,By @elonmusk,space,0.0
3952,2022-07-12 00:00:00+00:00,Mentions @elonmusk,space,1.1717599091380095
3953,2022-07-13 00:00:00+00:00,By @elonmusk,space,0.0
3954,2022-07-13 00:00:00+00:00,Mentions @elonmusk,space,0.2310740461770904
3955,2022-07-14 00:00:00+00:00,By @elonmusk,space,0.0
3956,2022-07-14 00:00:00+00:00,Mentions @elonmusk,space,0.4488315560759175
3957,2022-07-15 00:00:00+00:00,By @elonmusk,space,0.0
3958,2022-07-15 00:00:00+00:00,Mentions @elonmusk,space,0.0
3959,2022-07-16 00:00:00+00:00,By @elonmusk,space,0.5720103185972072
3960,2022-07-16 00:00:00+00:00,Mentions @elonmusk,space,0.0
3961,2022-07-17 00:00:00+00:00,Mentions @elonmusk,space,0.0
3962,2022-07-18 00:00:00+00:00,By @elonmusk,space,0.0
3963,2022-07-18 00:00:00+00:00,Mentions @elonmusk,space,0.0
3964,2022-07-19 00:00:00+00:00,By @elonmusk,space,0.0
3965,2022-07-19 00:00:00+00:00,Mentions @elonmusk,space,0.0
3966,2022-07-20 00:00:00+00:00,By @elonmusk,space,0.0
3967,2022-07-20 00:00:00+00:00,Mentions @elonmusk,space,0.0
3968,2022-07-21 00:00:00+00:00,By @elonmusk,space,0.0
3969,2022-07-21 00:00:00+00:00,Mentions @elonmusk,space,0.0
3970,2022-07-22 00:00:00+00:00,By @elonmusk,space,0.0
3971,2022-07-22 00:00:00+00:00,Mentions @elonmusk,space,0.0
3972,2022-07-23 00:00:00+00:00,By @elonmusk,space,0.0
3973,2022-07-23 00:00:00+00:00,Mentions @elonmusk,space,0.3720450970556657
3974,2022-07-24 00:00:00+00:00,By @elonmusk,space,0.0
3975,2022-07-24 00:00:00+00:00,Mentions @elonmusk,space,0.0
3976,2022-07-25 00:00:00+00:00,By @elonmusk,space,0.0
3977,2022-07-25 00:00:00+00:00,Mentions @elonmusk,space,1.0
3978,2022-07-26 00:00:00+00:00,By @elonmusk,space,0.0
3979,2022-07-26 00:00:00+00:00,Mentions @elonmusk,space,0.0
3980,2022-07-27 00:00:00+00:00,By @elonmusk,space,0.0
3981,2022-07-27 00:00:00+00:00,Mentions @elonmusk,space,0.0
3982,2022-07-28 00:00:00+00:00,By @elonmusk,space,0.0
3983,2022-07-28 00:00:00+00:00,Mentions @elonmusk,space,0.0
3984,2022-07-29 00:00:00+00:00,By @elonmusk,space,0.0
3985,2022-07-29 00:00:00+00:00,Mentions @elonmusk,space,0.3764878511769584
3986,2022-07-30 00:00:00+00:00,By @elonmusk,space,0.0
3987,2022-07-30 00:00:00+00:00,Mentions @elonmusk,space,0.0
3988,2022-07-31 00:00:00+00:00,By @elonmusk,space,0.0
3989,2022-07-31 00:00:00+00:00,Mentions @elonmusk,space,0.0
3990,2022-08-01 00:00:00+00:00,By @elonmusk,space,0.0
3991,2022-08-01 00:00:00+00:00,Mentions @elonmusk,space,0.6209796956046826
3992,2022-08-02 00:00:00+00:00,By @elonmusk,space,0.0
3993,2022-08-02 00:00:00+00:00,Mentions @elonmusk,space,0.961610094080937
3994,2022-08-03 00:00:00+00:00,Mentions @elonmusk,space,0.3777472466374122
3995,2022-08-04 00:00:00+00:00,By @elonmusk,space,0.0
3996,2022-08-04 00:00:00+00:00,Mentions @elonmusk,space,0.0
3997,2022-08-05 00:00:00+00:00,By @elonmusk,space,0.0
3998,2022-08-05 00:00:00+00:00,Mentions @elonmusk,space,0.0
3999,2022-08-06 00:00:00+00:00,By @elonmusk,space,0.0
4000,2022-08-06 00:00:00+00:00,Mentions @elonmusk,space,1.2025141163100908
4001,2022-08-07 00:00:00+00:00,By @elonmusk,space,0.0
4002,2022-08-07 00:00:00+00:00,Mentions @elonmusk,space,0.0
4003,2022-08-08 00:00:00+00:00,By @elonmusk,space,0.0
4004,2022-08-08 00:00:00+00:00,Mentions @elonmusk,space,0.0
4005,2022-08-09 00:00:00+00:00,By @elonmusk,space,0.0
4006,2022-08-09 00:00:00+00:00,Mentions @elonmusk,space,0.7847682197993588
4007,2022-08-10 00:00:00+00:00,By @elonmusk,space,0.0
4008,2022-08-10 00:00:00+00:00,Mentions @elonmusk,space,0.6367142036745361
4009,2022-08-11 00:00:00+00:00,By @elonmusk,space,0.0
4010,2022-08-11 00:00:00+00:00,Mentions @elonmusk,space,0.0
4011,2022-08-12 00:00:00+00:00,By @elonmusk,space,0.0
4012,2022-08-12 00:00:00+00:00,Mentions @elonmusk,space,0.5370449409546515
4013,2022-08-13 00:00:00+00:00,By @elonmusk,space,0.0
4014,2022-08-13 00:00:00+00:00,Mentions @elonmusk,space,1.3543669665222229
4015,2022-08-14 00:00:00+00:00,By @elonmusk,space,0.0
4016,2022-08-14 00:00:00+00:00,Mentions @elonmusk,space,0.0
4017,2022-08-15 00:00:00+00:00,By @elonmusk,space,0.0
4018,2022-08-15 00:00:00+00:00,Mentions @elonmusk,space,0.0
4019,2022-08-16 00:00:00+00:00,By @elonmusk,space,0.0
4020,2022-08-16 00:00:00+00:00,Mentions @elonmusk,space,0.0
4021,2022-08-17 00:00:00+00:00,By @elonmusk,space,0.0
4022,2022-08-17 00:00:00+00:00,Mentions @elonmusk,space,0.0
4023,2022-08-18 00:00:00+00:00,By @elonmusk,space,0.0
4024,2022-08-18 00:00:00+00:00,Mentions @elonmusk,space,0.7470878460847161
4025,2022-08-19 00:00:00+00:00,By @elonmusk,space,0.0
4026,2022-08-19 00:00:00+00:00,Mentions @elonmusk,space,0.0
4027,2022-08-20 00:00:00+00:00,By @elonmusk,space,0.0
4028,2022-08-20 00:00:00+00:00,Mentions @elonmusk,space,0.7427331350073861
4029,2022-08-21 00:00:00+00:00,By @elonmusk,space,0.0
4030,2022-08-21 00:00:00+00:00,Mentions @elonmusk,space,0.4734339501051984
4031,2022-08-22 00:00:00+00:00,By @elonmusk,space,0.0
4032,2022-08-22 00:00:00+00:00,Mentions @elonmusk,space,0.0
4033,2022-08-23 00:00:00+00:00,By @elonmusk,space,0.0
4034,2022-08-23 00:00:00+00:00,Mentions @elonmusk,space,0.0
4035,2022-08-24 00:00:00+00:00,By @elonmusk,space,0.0
4036,2022-08-24 00:00:00+00:00,Mentions @elonmusk,space,0.7377171337179943
4037,2022-08-25 00:00:00+00:00,By @elonmusk,space,0.0
4038,2022-08-25 00:00:00+00:00,Mentions @elonmusk,space,0.0
4039,2022-08-26 00:00:00+00:00,By @elonmusk,space,0.0
4040,2022-08-26 00:00:00+00:00,Mentions @elonmusk,space,1.1572362079199658
4041,2022-08-27 00:00:00+00:00,By @elonmusk,space,0.0
4042,2022-08-27 00:00:00+00:00,Mentions @elonmusk,space,0.3092366539264962
4043,2022-08-28 00:00:00+00:00,By @elonmusk,space,0.4006715747316663
4044,2022-08-28 00:00:00+00:00,Mentions @elonmusk,space,1.0482909305197032
4045,2022-08-29 00:00:00+00:00,By @elonmusk,space,0.0
4046,2022-08-29 00:00:00+00:00,Mentions @elonmusk,space,0.7988230427209464
4047,2022-08-30 00:00:00+00:00,By @elonmusk,space,0.0
4048,2022-08-30 00:00:00+00:00,Mentions @elonmusk,space,0.5014319359715383
4049,2022-08-31 00:00:00+00:00,By @elonmusk,space,0.0
4050,2022-08-31 00:00:00+00:00,Mentions @elonmusk,space,0.6367142036745361
4051,2022-09-01 00:00:00+00:00,By @elonmusk,space,0.0
4052,2022-09-01 00:00:00+00:00,Mentions @elonmusk,space,1.220018921050864
4053,2022-09-02 00:00:00+00:00,Mentions @elonmusk,space,0.0
4054,2022-09-03 00:00:00+00:00,By @elonmusk,space,0.0
4055,2022-09-03 00:00:00+00:00,Mentions @elonmusk,space,1.0
4056,2022-09-04 00:00:00+00:00,By @elonmusk,space,0.0
4057,2022-09-04 00:00:00+00:00,Mentions @elonmusk,space,0.0
4058,2022-09-05 00:00:00+00:00,By @elonmusk,space,0.0
4059,2022-09-05 00:00:00+00:00,Mentions @elonmusk,space,2.0
4060,2022-09-06 00:00:00+00:00,By @elonmusk,space,0.0
4061,2022-09-06 00:00:00+00:00,Mentions @elonmusk,space,0.4606707588981789
4062,2022-09-07 00:00:00+00:00,By @elonmusk,space,0.0
4063,2022-09-07 00:00:00+00:00,Mentions @elonmusk,space,0.6059240148567527
4064,2022-09-08 00:00:00+00:00,By @elonmusk,space,0.3174750816157979
4065,2022-09-08 00:00:00+00:00,Mentions @elonmusk,space,0.0
4066,2022-09-09 00:00:00+00:00,By @elonmusk,space,0.0
4067,2022-09-09 00:00:00+00:00,Mentions @elonmusk,space,3.2345997139027416
4068,2022-09-10 00:00:00+00:00,By @elonmusk,space,0.0
4069,2022-09-10 00:00:00+00:00,Mentions @elonmusk,space,1.0996243237554384
4070,2022-09-11 00:00:00+00:00,By @elonmusk,space,0.0
4071,2022-09-11 00:00:00+00:00,Mentions @elonmusk,space,0.7154738702566104
4072,2022-09-12 00:00:00+00:00,By @elonmusk,space,0.0
4073,2022-09-12 00:00:00+00:00,Mentions @elonmusk,space,1.0376849854575463
4074,2022-09-13 00:00:00+00:00,By @elonmusk,space,0.0
4075,2022-09-13 00:00:00+00:00,Mentions @elonmusk,space,0.6870605444770833
4076,2022-09-14 00:00:00+00:00,By @elonmusk,space,0.0
4077,2022-09-14 00:00:00+00:00,Mentions @elonmusk,space,1.2200282096103476
4078,2022-09-15 00:00:00+00:00,By @elonmusk,space,0.0
4079,2022-09-15 00:00:00+00:00,Mentions @elonmusk,space,2.187638612406106
4080,2022-09-16 00:00:00+00:00,By @elonmusk,space,0.0
4081,2022-09-16 00:00:00+00:00,Mentions @elonmusk,space,1.0535337448540485
4082,2022-09-17 00:00:00+00:00,By @elonmusk,space,0.0
4083,2022-09-17 00:00:00+00:00,Mentions @elonmusk,space,1.7791988329833375
4084,2022-09-18 00:00:00+00:00,By @elonmusk,space,0.0
4085,2022-09-18 00:00:00+00:00,Mentions @elonmusk,space,1.762297843475178
4086,2022-09-19 00:00:00+00:00,By @elonmusk,space,0.0
4087,2022-09-19 00:00:00+00:00,Mentions @elonmusk,space,2.4942203389644595
4088,2022-09-20 00:00:00+00:00,By @elonmusk,space,0.0
4089,2022-09-20 00:00:00+00:00,Mentions @elonmusk,space,1.122047317819037
4090,2022-09-21 00:00:00+00:00,By @elonmusk,space,0.0
4091,2022-09-21 00:00:00+00:00,Mentions @elonmusk,space,0.5372848482201428
4092,2022-09-22 00:00:00+00:00,By @elonmusk,space,0.0
4093,2022-09-22 00:00:00+00:00,Mentions @elonmusk,space,1.5235564473663117
4094,2022-09-23 00:00:00+00:00,By @elonmusk,space,0.0
4095,2022-09-23 00:00:00+00:00,Mentions @elonmusk,space,0.0
4096,2022-09-24 00:00:00+00:00,By @elonmusk,space,0.0
4097,2022-09-24 00:00:00+00:00,Mentions @elonmusk,space,0.0
4098,2022-09-25 00:00:00+00:00,By @elonmusk,space,0.0
4099,2022-09-25 00:00:00+00:00,Mentions @elonmusk,space,0.365086497110107
4100,2022-09-26 00:00:00+00:00,By @elonmusk,space,0.0
4101,2022-09-26 00:00:00+00:00,Mentions @elonmusk,space,0.4016391422172379
4102,2022-09-27 00:00:00+00:00,By @elonmusk,space,0.0
4103,2022-09-27 00:00:00+00:00,Mentions @elonmusk,space,1.2556032124227698
4104,2022-09-28 00:00:00+00:00,By @elonmusk,space,0.0
4105,2022-09-28 00:00:00+00:00,Mentions @elonmusk,space,0.4063541292420911
4106,2022-09-29 00:00:00+00:00,By @elonmusk,space,0.0
4107,2022-09-29 00:00:00+00:00,Mentions @elonmusk,space,1.3072823304015615
4108,2022-09-30 00:00:00+00:00,By @elonmusk,space,0.0
4109,2022-09-30 00:00:00+00:00,Mentions @elonmusk,space,2.2451689228582596
4110,2022-10-01 00:00:00+00:00,By @elonmusk,space,0.0
4111,2022-10-01 00:00:00+00:00,Mentions @elonmusk,space,0.293674793003123
4112,2022-10-02 00:00:00+00:00,By @elonmusk,space,0.0
4113,2022-10-02 00:00:00+00:00,Mentions @elonmusk,space,1.040218803328122
4114,2022-10-03 00:00:00+00:00,By @elonmusk,space,0.0
4115,2022-10-03 00:00:00+00:00,Mentions @elonmusk,space,1.6516109387072715
4116,2022-10-04 00:00:00+00:00,By @elonmusk,space,0.0
4117,2022-10-04 00:00:00+00:00,Mentions @elonmusk,space,4.429303260885235
4118,2022-10-05 00:00:00+00:00,By @elonmusk,space,0.0
4119,2022-10-05 00:00:00+00:00,Mentions @elonmusk,space,2.8351624795877317
4120,2022-10-06 00:00:00+00:00,By @elonmusk,space,0.0
4121,2022-10-06 00:00:00+00:00,Mentions @elonmusk,space,3.095992947372637
4122,2022-10-07 00:00:00+00:00,By @elonmusk,space,0.7378964284095915
4123,2022-10-07 00:00:00+00:00,Mentions @elonmusk,space,3.843128753782935
4124,2022-10-08 00:00:00+00:00,By @elonmusk,space,0.0
4125,2022-10-08 00:00:00+00:00,Mentions @elonmusk,space,4.015998654115352
4126,2022-10-09 00:00:00+00:00,By @elonmusk,space,0.0
4127,2022-10-09 00:00:00+00:00,Mentions @elonmusk,space,0.894190368101441
4128,2022-10-10 00:00:00+00:00,By @elonmusk,space,0.0
4129,2022-10-10 00:00:00+00:00,Mentions @elonmusk,space,0.5955271109278388
4130,2022-10-11 00:00:00+00:00,By @elonmusk,space,0.6963614182508723
4131,2022-10-11 00:00:00+00:00,Mentions @elonmusk,space,1.1582857704988048
4132,2022-10-12 00:00:00+00:00,By @elonmusk,space,0.0
4133,2022-10-12 00:00:00+00:00,Mentions @elonmusk,space,0.3836015083359187
4134,2022-10-13 00:00:00+00:00,By @elonmusk,space,0.0
4135,2022-10-13 00:00:00+00:00,Mentions @elonmusk,space,0.875591562457594
